epoch_s,container,cpu_pct,mem_MiB
1781192707,backend-billing-prometheus-1,0.64,94.85
1781192707,backend-billing-api-1,0.00,34.45
1781192707,backend-billing-db-1,0.00,50.59
1781192707,backend-billing-jaeger-1,0.08,13.25
1781192707,minikube,47.44,1024
1781192712,backend-billing-prometheus-1,0.42,94.86
1781192712,backend-billing-api-1,0.00,34.56
1781192712,backend-billing-db-1,0.00,50.59
1781192712,backend-billing-jaeger-1,0.02,13.25
1781192712,minikube,15.35,1024
1781192718,backend-billing-prometheus-1,0.31,94.86
1781192718,backend-billing-api-1,0.00,34.22
1781192718,backend-billing-db-1,0.06,50.59
1781192718,backend-billing-jaeger-1,0.13,13.25
1781192718,minikube,52.59,1024
1781192723,backend-billing-prometheus-1,0.44,94.86
1781192723,backend-billing-api-1,0.00,34.23
1781192723,backend-billing-db-1,0.00,50.59
1781192723,backend-billing-jaeger-1,0.02,13.25
1781192723,minikube,20.99,1024
1781192728,backend-billing-prometheus-1,0.39,94.87
1781192728,backend-billing-api-1,0.00,34.23
1781192728,backend-billing-db-1,0.00,50.59
1781192728,backend-billing-jaeger-1,0.16,13.25
1781192728,minikube,25.41,1024
1781192733,backend-billing-prometheus-1,0.40,94.87
1781192733,backend-billing-api-1,0.00,34.12
1781192733,backend-billing-db-1,0.00,50.59
1781192733,backend-billing-jaeger-1,0.01,13.25
1781192733,minikube,24.17,1024
1781192738,backend-billing-prometheus-1,0.45,94.87
1781192738,backend-billing-api-1,0.00,34.12
1781192738,backend-billing-db-1,0.00,50.59
1781192738,backend-billing-jaeger-1,0.12,13.25
1781192738,minikube,25.15,1024
1781192742,backend-billing-prometheus-1,0.37,94.87
1781192742,backend-billing-api-1,0.70,34.13
1781192742,backend-billing-db-1,0.00,50.59
1781192742,backend-billing-jaeger-1,0.05,13.25
1781192742,minikube,22.92,1024
1781192747,backend-billing-prometheus-1,0.48,94.87
1781192747,backend-billing-api-1,0.00,34.22
1781192747,backend-billing-db-1,0.00,50.59
1781192747,backend-billing-jaeger-1,0.11,13.25
1781192747,minikube,23.65,1024
1781192753,backend-billing-prometheus-1,0.41,94.87
1781192753,backend-billing-api-1,0.00,34.23
1781192753,backend-billing-db-1,0.00,50.59
1781192753,backend-billing-jaeger-1,0.06,13.25
1781192753,minikube,27.35,1024
1781192758,backend-billing-prometheus-1,0.45,94.87
1781192758,backend-billing-api-1,0.00,34.23
1781192758,backend-billing-db-1,0.00,50.59
1781192758,backend-billing-jaeger-1,0.01,13.25
1781192758,minikube,18.85,1024
1781192763,backend-billing-prometheus-1,0.48,94.87
1781192763,backend-billing-api-1,0.00,34.23
1781192763,backend-billing-db-1,0.00,50.59
1781192763,backend-billing-jaeger-1,0.08,13.25
1781192763,minikube,29.06,1024
1781192768,backend-billing-prometheus-1,0.41,94.87
1781192768,backend-billing-api-1,0.00,34.23
1781192768,backend-billing-db-1,0.03,50.59
1781192768,backend-billing-jaeger-1,0.04,13.25
1781192768,minikube,28.73,1024
1781192773,backend-billing-prometheus-1,0.41,94.87
1781192773,backend-billing-api-1,0.00,34.26
1781192773,backend-billing-db-1,0.00,50.59
1781192773,backend-billing-jaeger-1,0.02,13.25
1781192773,minikube,22.05,1024
1781192778,backend-billing-prometheus-1,0.34,94.87
1781192778,backend-billing-api-1,0.00,34.27
1781192778,backend-billing-db-1,0.00,50.59
1781192778,backend-billing-jaeger-1,0.06,13.25
1781192778,minikube,23.02,1024
1781192783,backend-billing-prometheus-1,0.55,94.87
1781192783,backend-billing-api-1,0.00,34.27
1781192783,backend-billing-db-1,0.00,50.61
1781192783,backend-billing-jaeger-1,0.02,13.25
1781192783,minikube,25.16,1024
1781192788,backend-billing-prometheus-1,0.51,94.87
1781192788,backend-billing-api-1,0.00,34.28
1781192788,backend-billing-db-1,0.00,50.61
1781192788,backend-billing-jaeger-1,0.03,13.25
1781192788,minikube,22.71,1024
1781192793,backend-billing-prometheus-1,0.44,94.87
1781192793,backend-billing-api-1,0.00,34.32
1781192793,backend-billing-db-1,0.00,50.61
1781192793,backend-billing-jaeger-1,0.03,13.25
1781192793,minikube,18.03,1024
1781192798,backend-billing-prometheus-1,0.38,95.12
1781192798,backend-billing-api-1,0.00,34.39
1781192798,backend-billing-db-1,0.00,50.61
1781192798,backend-billing-jaeger-1,0.08,13.25
1781192798,minikube,21.97,1024
1781192803,backend-billing-prometheus-1,0.38,94.87
1781192803,backend-billing-api-1,0.00,35.42
1781192803,backend-billing-db-1,0.00,50.61
1781192803,backend-billing-jaeger-1,0.03,13.25
1781192803,minikube,14.92,1024
1781192808,backend-billing-prometheus-1,1.66,94.87
1781192808,backend-billing-api-1,0.00,35.98
1781192808,backend-billing-db-1,0.00,50.61
1781192808,backend-billing-jaeger-1,0.03,13.25
1781192808,minikube,19.98,1024
1781192813,backend-billing-prometheus-1,0.44,94.87
1781192813,backend-billing-api-1,0.00,36.53
1781192813,backend-billing-db-1,0.00,50.61
1781192813,backend-billing-jaeger-1,0.03,13.25
1781192813,minikube,17.29,1024
1781192818,backend-billing-prometheus-1,0.36,94.87
1781192818,backend-billing-api-1,0.00,36.64
1781192818,backend-billing-db-1,0.00,50.61
1781192818,backend-billing-jaeger-1,0.03,13.25
1781192818,minikube,20.79,1024
1781192823,backend-billing-prometheus-1,0.37,94.89
1781192823,backend-billing-api-1,0.00,36.65
1781192823,backend-billing-db-1,0.00,50.61
1781192823,backend-billing-jaeger-1,0.02,13.25
1781192823,minikube,22.85,1024
1781192828,backend-billing-prometheus-1,0.31,94.51
1781192828,backend-billing-api-1,1.26,34.66
1781192828,backend-billing-db-1,0.32,50.64
1781192828,backend-billing-jaeger-1,0.05,13.25
1781192828,minikube,37.49,1024
1781192833,backend-billing-prometheus-1,0.45,94.54
1781192833,backend-billing-api-1,3.01,33.2
1781192833,backend-billing-db-1,0.38,50.89
1781192833,backend-billing-jaeger-1,0.04,13.25
1781192833,minikube,26.58,1024
1781192838,backend-billing-prometheus-1,0.41,94.54
1781192838,backend-billing-api-1,1.42,32.05
1781192838,backend-billing-db-1,0.26,50.64
1781192838,backend-billing-jaeger-1,0.02,13.25
1781192838,minikube,19.02,1024
1781192843,backend-billing-prometheus-1,0.39,94.54
1781192843,backend-billing-api-1,1.22,32.2
1781192843,backend-billing-db-1,0.27,50.64
1781192843,backend-billing-jaeger-1,0.02,13.25
1781192843,minikube,22.84,1024
1781192848,backend-billing-prometheus-1,0.31,94.54
1781192848,backend-billing-api-1,2.56,32.78
1781192848,backend-billing-db-1,0.27,50.64
1781192848,backend-billing-jaeger-1,0.10,13.25
1781192848,minikube,32.74,1024
1781192853,backend-billing-prometheus-1,0.30,94.54
1781192853,backend-billing-api-1,0.90,32.57
1781192853,backend-billing-db-1,0.21,50.64
1781192853,backend-billing-jaeger-1,0.02,13.25
1781192853,minikube,16.76,1024
1781192858,backend-billing-prometheus-1,0.49,94.54
1781192858,backend-billing-api-1,1.31,33.02
1781192858,backend-billing-db-1,0.32,50.64
1781192858,backend-billing-jaeger-1,0.02,13.25
1781192858,minikube,38.18,1024
1781192863,backend-billing-prometheus-1,0.49,94.54
1781192863,backend-billing-api-1,1.38,32.84
1781192863,backend-billing-db-1,0.32,50.64
1781192863,backend-billing-jaeger-1,0.08,13.25
1781192863,minikube,17.04,1024
1781192868,backend-billing-prometheus-1,0.35,94.55
1781192868,backend-billing-api-1,0.94,33.59
1781192868,backend-billing-db-1,0.21,50.64
1781192868,backend-billing-jaeger-1,0.05,13.25
1781192868,minikube,37.29,1024
1781192872,backend-billing-prometheus-1,0.74,94.55
1781192872,backend-billing-api-1,1.33,33.56
1781192872,backend-billing-db-1,0.28,50.64
1781192872,backend-billing-jaeger-1,0.07,13.25
1781192872,minikube,14.33,1024
1781192877,backend-billing-prometheus-1,0.95,94.55
1781192877,backend-billing-api-1,1.74,32.77
1781192877,backend-billing-db-1,0.26,50.64
1781192877,backend-billing-jaeger-1,0.05,13.25
1781192877,minikube,21.80,1024
1781192883,backend-billing-prometheus-1,0.47,94.55
1781192883,backend-billing-api-1,1.25,32.71
1781192883,backend-billing-db-1,0.23,50.7
1781192883,backend-billing-jaeger-1,0.05,13.25
1781192883,minikube,32.08,1024
1781192888,backend-billing-prometheus-1,0.30,94.55
1781192888,backend-billing-api-1,1.36,32.71
1781192888,backend-billing-db-1,0.25,50.7
1781192888,backend-billing-jaeger-1,0.01,13.25
1781192888,minikube,41.40,1024
1781192893,backend-billing-prometheus-1,0.38,94.55
1781192893,backend-billing-api-1,1.44,33.4
1781192893,backend-billing-db-1,0.24,50.7
1781192893,backend-billing-jaeger-1,0.06,13.25
1781192893,minikube,16.57,1024
1781192898,backend-billing-prometheus-1,0.34,94.55
1781192898,backend-billing-api-1,1.16,32.9
1781192898,backend-billing-db-1,0.66,50.7
1781192898,backend-billing-jaeger-1,0.01,13.25
1781192898,minikube,35.87,1024
1781192903,backend-billing-prometheus-1,0.41,94.55
1781192903,backend-billing-api-1,1.74,33.61
1781192903,backend-billing-db-1,0.24,50.7
1781192903,backend-billing-jaeger-1,0.02,13.25
1781192903,minikube,16.22,1024
1781192908,backend-billing-prometheus-1,0.43,94.55
1781192908,backend-billing-api-1,1.07,32.96
1781192908,backend-billing-db-1,0.28,50.7
1781192908,backend-billing-jaeger-1,0.07,13.25
1781192908,minikube,29.73,1024
1781192912,backend-billing-prometheus-1,0.44,94.55
1781192912,backend-billing-api-1,1.27,33
1781192912,backend-billing-db-1,0.40,50.7
1781192912,backend-billing-jaeger-1,0.08,13.25
1781192912,minikube,15.01,1024
1781192917,backend-billing-prometheus-1,0.32,94.56
1781192917,backend-billing-api-1,1.10,33.32
1781192917,backend-billing-db-1,0.33,50.7
1781192917,backend-billing-jaeger-1,0.04,13.25
1781192917,minikube,20.59,1024
1781192923,backend-billing-prometheus-1,0.43,94.57
1781192923,backend-billing-api-1,1.56,33.57
1781192923,backend-billing-db-1,0.29,50.7
1781192923,backend-billing-jaeger-1,0.12,13.25
1781192923,minikube,17.85,1024
1781192928,backend-billing-prometheus-1,0.40,94.58
1781192928,backend-billing-api-1,0.91,34.12
1781192928,backend-billing-db-1,0.23,50.94
1781192928,backend-billing-jaeger-1,0.03,13.25
1781192928,minikube,26.69,1024
1781192933,backend-billing-prometheus-1,0.40,94.59
1781192933,backend-billing-api-1,1.13,32.97
1781192933,backend-billing-db-1,0.26,50.7
1781192933,backend-billing-jaeger-1,0.04,13.25
1781192933,minikube,14.52,1024
1781192938,backend-billing-prometheus-1,0.43,94.59
1781192938,backend-billing-api-1,1.39,33.19
1781192938,backend-billing-db-1,0.31,50.7
1781192938,backend-billing-jaeger-1,0.09,13.25
1781192938,minikube,39.29,1024
1781192943,backend-billing-prometheus-1,0.37,94.62
1781192943,backend-billing-api-1,1.04,34.03
1781192943,backend-billing-db-1,0.25,50.7
1781192943,backend-billing-jaeger-1,0.05,13.25
1781192943,minikube,16.24,1024
1781192948,backend-billing-prometheus-1,0.90,94.5
1781192948,backend-billing-api-1,1.44,33.47
1781192948,backend-billing-db-1,0.21,50.7
1781192948,backend-billing-jaeger-1,0.11,13.25
1781192948,minikube,36.29,1024
1781192953,backend-billing-prometheus-1,0.37,94.52
1781192953,backend-billing-api-1,1.24,33.04
1781192953,backend-billing-db-1,0.28,50.7
1781192953,backend-billing-jaeger-1,0.02,13.25
1781192953,minikube,22.41,1024
1781192958,backend-billing-prometheus-1,0.42,94.52
1781192958,backend-billing-api-1,1.24,33.42
1781192958,backend-billing-db-1,0.25,50.7
1781192958,backend-billing-jaeger-1,0.01,13.25
1781192958,minikube,38.09,1024
1781192963,backend-billing-prometheus-1,0.39,94.56
1781192963,backend-billing-api-1,1.13,33.99
1781192963,backend-billing-db-1,0.27,50.7
1781192963,backend-billing-jaeger-1,0.01,13.25
1781192963,minikube,23.34,1024
1781192968,backend-billing-prometheus-1,0.41,94.56
1781192968,backend-billing-api-1,1.22,33.74
1781192968,backend-billing-db-1,0.23,50.7
1781192968,backend-billing-jaeger-1,0.07,13.25
1781192968,minikube,29.41,1024
1781192973,backend-billing-prometheus-1,0.38,94.56
1781192973,backend-billing-api-1,1.26,32.26
1781192973,backend-billing-db-1,0.33,50.7
1781192973,backend-billing-jaeger-1,0.14,13.25
1781192973,minikube,14.95,1024
1781192978,backend-billing-prometheus-1,0.44,94.56
1781192978,backend-billing-api-1,1.37,33.02
1781192978,backend-billing-db-1,0.28,50.7
1781192978,backend-billing-jaeger-1,0.17,13.25
1781192978,minikube,53.87,1024
1781192982,backend-billing-prometheus-1,0.42,94.56
1781192982,backend-billing-api-1,3.19,33.02
1781192982,backend-billing-db-1,0.35,50.7
1781192982,backend-billing-jaeger-1,0.08,13.25
1781192982,minikube,15.58,1024
1781192987,backend-billing-prometheus-1,0.33,94.56
1781192987,backend-billing-api-1,1.70,32.29
1781192987,backend-billing-db-1,0.26,50.94
1781192987,backend-billing-jaeger-1,0.01,13.25
1781192987,minikube,43.20,1024
1781192993,backend-billing-prometheus-1,0.35,94.56
1781192993,backend-billing-api-1,1.46,32.4
1781192993,backend-billing-db-1,0.55,50.7
1781192993,backend-billing-jaeger-1,0.05,13.25
1781192993,minikube,16.60,1024
1781192998,backend-billing-prometheus-1,0.34,94.56
1781192998,backend-billing-api-1,1.51,33.34
1781192998,backend-billing-db-1,0.26,50.7
1781192998,backend-billing-jaeger-1,0.08,13.25
1781192998,minikube,25.29,1024
1781193003,backend-billing-prometheus-1,0.37,94.56
1781193003,backend-billing-api-1,1.05,34.02
1781193003,backend-billing-db-1,0.27,50.7
1781193003,backend-billing-jaeger-1,0.02,13.25
1781193003,minikube,21.24,1024
1781193008,backend-billing-prometheus-1,0.52,94.56
1781193008,backend-billing-api-1,107.40,38.78
1781193008,backend-billing-db-1,245.82,66.63
1781193008,backend-billing-jaeger-1,0.07,13.25
1781193008,minikube,30.17,1024
1781193013,backend-billing-prometheus-1,0.49,94.78
1781193013,backend-billing-api-1,197.10,43.33
1781193013,backend-billing-db-1,416.88,66.18
1781193013,backend-billing-jaeger-1,0.01,13.25
1781193013,minikube,12.65,1024
1781193018,backend-billing-prometheus-1,0.26,95.39
1781193018,backend-billing-api-1,190.57,44.23
1781193018,backend-billing-db-1,440.20,66.72
1781193018,backend-billing-jaeger-1,0.01,13.25
1781193018,minikube,19.16,1024
1781193023,backend-billing-prometheus-1,0.18,96.02
1781193023,backend-billing-api-1,262.04,49.41
1781193023,backend-billing-db-1,398.19,63.88
1781193023,backend-billing-jaeger-1,0.02,13.25
1781193023,minikube,12.45,1024
1781193028,backend-billing-prometheus-1,0.19,96.77
1781193028,backend-billing-api-1,259.78,47.35
1781193028,backend-billing-db-1,359.46,72.99
1781193028,backend-billing-jaeger-1,0.04,13.25
1781193028,minikube,28.79,1024
1781193033,backend-billing-prometheus-1,0.34,97.64
1781193033,backend-billing-api-1,265.11,47.18
1781193033,backend-billing-db-1,378.90,71.91
1781193033,backend-billing-jaeger-1,0.04,13.25
1781193033,minikube,14.99,1024
1781193038,backend-billing-prometheus-1,1.08,98.29
1781193038,backend-billing-api-1,280.63,49.93
1781193038,backend-billing-db-1,364.93,63.82
1781193038,backend-billing-jaeger-1,0.07,13.25
1781193038,minikube,32.59,1024
1781193043,backend-billing-prometheus-1,0.25,98.71
1781193043,backend-billing-api-1,287.87,48.74
1781193043,backend-billing-db-1,355.74,68.99
1781193043,backend-billing-jaeger-1,0.01,13.25
1781193043,minikube,9.39,1024
