start_ns,duration_ns,status
1780601415745459000,3262333,200
1780601415870053000,1803083,200
1780601415995528000,3130250,200
1780601416120464000,3031542,200
1780601416245477000,2449458,200
1780601416370480000,3253625,200
1780601416495468000,4148875,200
1780601416619627000,2390500,200
1780601416745457000,3027250,200
1780601416870446000,2245542,200
1780601416995474000,5586875,200
1780601417120470000,2074500,200
1780601417245468000,3237958,200
1780601417370088000,2026875,200
1780601417495450000,1829250,200
1780601417620430000,3529833,200
1780601417745473000,2800917,200
1780601417870475000,2163667,200
1780601417995411000,2456375,200
1780601418120426000,2917791,200
1780601418245406000,1650791,200
1780601418370447000,3466833,200
1780601418495442000,2663250,200
1780601418619567000,2370000,200
1780601418745482000,3100458,200
1780601418870446000,2267042,200
1780601418995477000,3313833,200
1780601419120408000,2969916,200
1780601419245412000,2364083,200
1780601419370404000,1832333,200
1780601419495477000,3038292,200
1780601419619571000,2133375,200
1780601419745399000,1314125,200
1780601419870446000,3002292,200
1780601419995419000,2321166,200
1780601420120411000,2126375,200
1780601420245422000,23201917,200
1780601420370390000,2372417,200
1780601420495421000,5338750,200
1780601420620388000,3272500,200
1780601420745352000,2101334,200
1780601420906466000,8713125,200
1780601420995351000,1154000,200
1780601421120365000,1266000,200
1780601421245378000,1963916,200
1780601421370364000,1798625,200
1780601421495360000,1456250,200
1780601421620383000,2824000,200
1780601421745386000,5664792,200
1780601421870368000,2948417,200
1780601421994762000,1356333,200
1780601422120012000,2284917,200
1780601422245349000,2982125,200
1780601422370374000,2784917,200
1780601422494830000,1907083,200
1780601422619387000,1523917,200
1780601422745401000,2697416,200
1780601422870347000,1572417,200
1780601422994836000,3543291,200
1780601423120425000,2241667,200
1780601423244602000,1978166,200
1780601423370401000,3069709,200
1780601423495367000,7224541,200
1780601423620463000,3083167,200
1780601423745452000,3051125,200
1780601423870409000,1945333,200
1780601423995333000,2638875,200
1780601424120294000,3259709,200
1780601424245312000,3106125,200
1780601424369427000,4598875,200
1780601424495340000,1972625,200
1780601424619817000,1479167,200
1780601424745314000,4199500,200
1780601424870336000,3274834,200
1780601424995305000,2001875,200
1780601425120305000,1969250,200
1780601425245328000,2164625,200
1780601425370277000,2068750,200
1780601425495312000,1618458,200
1780601425620282000,3087208,200
1780601425745256000,3027833,200
1780601425870277000,1804125,200
1780601425995276000,2079333,200
1780601426120426000,4926167,200
1780601426245278000,2412916,200
1780601426370299000,9439750,200
1780601426494369000,3282833,200
1780601426620328000,3300875,200
1780601426745252000,2749208,200
1780601426870248000,2002916,200
1780601426995254000,1827875,200
1780601427120249000,4663250,200
1780601427245264000,2413708,200
1780601427370349000,1726667,200
1780601427495303000,1906666,200
1780601427620293000,3157416,200
1780601427745287000,4388625,200
1780601427869332000,2166250,200
1780601427995285000,1725833,200
1780601428120257000,2891458,200
1780601428245291000,4282291,200
1780601428369979000,2726667,200
1780601428495237000,1788917,200
1780601428620249000,3061875,200
1780601428745262000,3505333,200
1780601428870239000,2555000,200
1780601428995249000,4219042,200
1780601429120254000,3395875,200
1780601429245238000,1826958,200
1780601429370271000,2747250,200
1780601429494825000,2019500,200
1780601429619775000,2828750,200
1780601429744730000,2369292,200
1780601429870348000,4462084,200
1780601429995252000,4836417,200
1780601430120241000,3747042,200
1780601430245232000,2079667,200
1780601430370180000,2181542,200
1780601430499237000,5067666,200
1780601430620120000,3763958,200
1780601430744732000,3371458,200
1780601430870211000,2988458,200
1780601430994925000,1359083,200
1780601431120109000,1618583,200
1780601431245170000,2373166,200
1780601431369608000,19606917,200
1780601431495155000,1316167,200
1780601431620269000,3342833,200
1780601431745169000,3107666,200
1780601431870214000,2413958,200
1780601431994939000,1914792,200
1780601432120244000,3072750,200
1780601432245141000,2099084,200
1780601432370177000,3100125,200
1780601432495231000,5841750,200
1780601432620153000,1830208,200
1780601432745175000,2527084,200
1780601432869302000,2565375,200
1780601432994599000,1502542,200
1780601433120124000,2099042,200
1780601433245225000,2542708,200
1780601433370188000,3577625,200
1780601433494807000,2410125,200
1780601433620164000,3044333,200
1780601433745173000,4702708,200
1780601433870146000,2885084,200
1780601433995114000,2617250,200
1780601434120191000,4417833,200
1780601434245021000,2892459,200
1780601434370137000,3260125,200
1780601434495141000,2874459,200
1780601434620116000,5578667,200
1780601434745197000,2213000,200
1780601434869584000,3651167,200
1780601434995146000,2935333,200
1780601435119138000,3122209,200
1780601435245107000,2449250,200
1780601435370128000,2231625,200
1780601435495147000,3884084,200
1780601435619586000,1922292,200
1780601435745100000,3252959,200
1780601435870080000,2564125,200
1780601435994780000,9732375,200
1780601436120137000,3445083,200
1780601436245079000,2228834,200
1780601436369448000,2880875,200
1780601436494145000,1719167,200
1780601436620070000,1779708,200
1780601436745083000,2390833,200
1780601436870053000,6798000,200
1780601436995075000,2587875,200
1780601437120078000,4172709,200
1780601437245133000,2835166,200
1780601437370071000,2537167,200
1780601437495111000,6367708,200
1780601437620063000,1878084,200
1780601437745064000,5034875,200
1780601437869145000,2735500,200
1780601437995075000,2755000,200
1780601438119334000,3019125,200
1780601438245089000,2611750,200
1780601438369297000,3152458,200
1780601438495018000,2738250,200
1780601438620038000,2876292,200
1780601438745045000,2622875,200
1780601438869838000,2350834,200
1780601438994276000,2078875,200
1780601439120139000,2428375,200
1780601439245068000,3560750,200
1780601439370039000,3483792,200
1780601439495068000,1896875,200
1780601439619330000,12638583,200
1780601439744418000,2133334,200
1780601439870032000,5531542,200
1780601439994997000,4151333,200
1780601440120014000,2153500,200
1780601440245006000,3910750,200
1780601440370075000,3535666,200
1780601440495029000,2661208,200
1780601440620026000,3418083,200
1780601440745023000,3202916,200
1780601440870923000,2588125,200
1780601440994777000,1648958,200
1780601441119321000,2503209,200
1780601441245019000,2699291,200
1780601441370008000,3151375,200
1780601441494328000,2869250,200
1780601441619990000,1672334,200
1780601441744982000,2451959,200
1780601441869991000,2446375,200
1780601441994978000,2571500,200
1780601442119988000,3104667,200
1780601442244943000,1794125,200
1780601442370003000,3592708,200
1780601442495015000,2561042,200
1780601442620080000,2348083,200
1780601442745039000,2783541,200
1780601442869952000,2320667,200
1780601442995005000,1364917,200
1780601443119967000,2636834,200
1780601443244984000,3693042,200
1780601443369983000,2150959,200
1780601443494370000,2816417,200
1780601443619998000,2305250,200
1780601443744944000,2604542,200
1780601443869936000,1125583,200
1780601443994985000,6067708,200
1780601444119938000,2722250,200
1780601444244970000,2300250,200
1780601444369614000,3486167,200
1780601444494919000,1969542,200
1780601444619942000,3337667,200
1780601444744942000,2561541,200
1780601444869978000,2030750,200
1780601444994929000,3257500,200
1780601445120461000,3235708,200
1780601445244918000,2843500,200
1780601445370007000,4537292,200
1780601445494923000,2684583,200
1780601445619963000,6350916,200
1780601445744960000,4577500,200
1780601445869930000,5743333,200
1780601445994908000,2525917,200
1780601446119833000,2296417,200
1780601446244904000,3275541,200
1780601446369513000,2759166,200
1780601446494270000,1868041,200
1780601446619896000,3342084,200
1780601446744936000,2948334,200
1780601446869859000,1724500,200
1780601446994957000,2825417,200
1780601447119942000,2213083,200
1780601447244897000,2602250,200
1780601447369885000,2375750,200
1780601447494878000,3388208,200
1780601447619921000,3155167,200
1780601447744856000,2515875,200
1780601447869844000,1683167,200
1780601447994907000,3039750,200
1780601448119497000,3165916,200
1780601448244863000,2693584,200
1780601448369922000,3255458,200
1780601448494836000,2464208,200
1780601448619902000,2054584,200
1780601448744379000,3685834,200
1780601448869836000,2547291,200
1780601448994911000,2568333,200
1780601449120234000,2665959,200
1780601449244883000,5002833,200
1780601449369916000,2855625,200
1780601449494861000,4423167,200
1780601449619832000,3862916,200
1780601449744815000,1909417,200
1780601449869841000,1765125,200
1780601449994798000,3284083,200
1780601450118894000,3516000,200
1780601450244838000,2361041,200
1780601450368936000,2326708,200
1780601450494909000,3263625,200
1780601450619889000,3826416,200
1780601450744237000,21784125,200
1780601450869975000,3732917,200
1780601450995301000,10045875,200
1780601451119100000,1403584,200
1780601451244844000,2040500,200
1780601451369815000,1852583,200
1780601451494373000,1749500,200
1780601451619858000,1765208,200
1780601451744866000,1734333,200
1780601451869273000,2355250,200
1780601451993944000,1768041,200
1780601452119776000,1741542,200
1780601452244792000,3103125,200
1780601452369775000,2945416,200
1780601452494658000,2504167,200
1780601452619816000,1936834,200
1780601452744826000,3302125,200
1780601452869321000,2526208,200
1780601452994771000,3802000,200
1780601453119293000,2425375,200
1780601453244758000,2185000,200
1780601453369029000,2635250,200
1780601453494773000,2645292,200
1780601453618824000,3147333,200
1780601453744762000,3001208,200
1780601453869736000,2663500,200
1780601453994766000,2007792,200
1780601454119247000,2783041,200
1780601454244928000,2986083,200
1780601454369151000,2458792,200
1780601454494505000,2146959,200
1780601454619713000,3251917,200
1780601454744757000,2674750,200
1780601454869754000,3177750,200
1780601454994779000,3170541,200
1780601455119771000,2214250,200
1780601455244730000,3635875,200
1780601455369958000,11658458,200
1780601455494708000,2498125,200
1780601455619733000,2789667,200
